-- phpMyAdmin SQL Dump
-- version 5.2.1
-- https://www.phpmyadmin.net/
--
-- Servidor: 127.0.0.1
-- Tiempo de generación: 21-01-2025 a las 06:54:04
-- Versión del servidor: 10.4.32-MariaDB
-- Versión de PHP: 8.2.12

SET SQL_MODE = "NO_AUTO_VALUE_ON_ZERO";
START TRANSACTION;
SET time_zone = "+00:00";


/*!40101 SET @OLD_CHARACTER_SET_CLIENT=@@CHARACTER_SET_CLIENT */;
/*!40101 SET @OLD_CHARACTER_SET_RESULTS=@@CHARACTER_SET_RESULTS */;
/*!40101 SET @OLD_COLLATION_CONNECTION=@@COLLATION_CONNECTION */;
/*!40101 SET NAMES utf8mb4 */;

--
-- Base de datos: `sistema_ventas`
--

-- --------------------------------------------------------

--
-- Estructura de tabla para la tabla `clientes`
--

CREATE TABLE `clientes` (
  `id` int(11) NOT NULL,
  `nombre` varchar(100) NOT NULL,
  `email` varchar(100) NOT NULL,
  `telefono` varchar(15) DEFAULT NULL,
  `direccion` text DEFAULT NULL,
  `fecha_registro` timestamp NOT NULL DEFAULT current_timestamp(),
  `tiempo_interaccion` float DEFAULT 0
) ENGINE=InnoDB DEFAULT CHARSET=utf8mb4 COLLATE=utf8mb4_general_ci;

--
-- Volcado de datos para la tabla `clientes`
--

INSERT INTO `clientes` (`id`, `nombre`, `email`, `telefono`, `direccion`, `fecha_registro`, `tiempo_interaccion`) VALUES
(1, 'Christian', 'u17209453@utp.edu.pe', '951877102', 'Av. Peru', '2025-01-05 01:06:13', 16.2),
(2, 'Pepito Perez', 'Pepito@gmail.com', '951877103', 'av.arequipa 101', '2025-01-05 14:13:15', 18.16),
(3, 'Juan Ramirez', 'juanramirez@gmail.com', '951877104', 'Av. Arequipa 102', '2025-01-05 14:15:55', 17.05),
(4, 'Julian Alvarez', 'Julianalvarez@gmail.com', '951877105', 'av. arequipa 104', '2025-01-05 20:46:02', 16.5),
(5, 'Cristiano Ronaldo', 'cristianoronaldo@gmail.com', '951877106', 'av. portugal 176', '2025-01-06 06:29:43', 16.01),
(40, 'Estela', 'estela@gmail.com', '987454112', 'av. peru 123', '2025-01-18 02:29:46', 22.05),
(41, 'Prueba', 'prueba@gmail.com', '955454778', 'av prueba', '2025-01-18 04:06:35', 18.65),
(42, 'Manuel Papito', 'manuel@gmail.com', '951877456', 'av. manuel 123', '2025-01-19 00:49:15', 0),
(43, 'Manuel', 'manuel123@gmail.com', '999898874', 'av. manuel 111', '2025-01-19 05:35:21', 33.67),
(44, 'Freddy', 'freddy@gmail.com', '987787888', 'av fredy 145', '2025-01-19 19:24:38', 25.21),
(45, 'Prueba Pruebita', 'pruebapruebita@gmail.com', '951877109', 'av. prueba 987', '2025-01-21 03:46:43', 26.13),
(46, 'Roberto Carlos Mendoza', 'rmendoza@gmail.com', '951877100', 'av. la paz 654', '2025-01-21 04:39:53', 42.13);

-- --------------------------------------------------------

--
-- Estructura de tabla para la tabla `detalle_facturas`
--

CREATE TABLE `detalle_facturas` (
  `id` int(11) NOT NULL,
  `factura_id` int(11) NOT NULL,
  `producto_id` int(11) NOT NULL,
  `cantidad` int(11) NOT NULL,
  `precio` decimal(10,2) NOT NULL,
  `subtotal` decimal(10,2) NOT NULL,
  `tiempo_interaccion` int(11) DEFAULT 0
) ENGINE=InnoDB DEFAULT CHARSET=utf8mb4 COLLATE=utf8mb4_general_ci;

--
-- Volcado de datos para la tabla `detalle_facturas`
--

INSERT INTO `detalle_facturas` (`id`, `factura_id`, `producto_id`, `cantidad`, `precio`, `subtotal`, `tiempo_interaccion`) VALUES
(1, 1, 1, 1, 1200.00, 1200.00, 0),
(2, 2, 2, 1, 80.00, 80.00, 0),
(3, 3, 1, 1, 1200.00, 1200.00, 0),
(4, 4, 16, 1, 100.00, 100.00, 0),
(5, 5, 18, 1, 250.00, 250.00, 0),
(6, 6, 17, 1, 200.00, 200.00, 0),
(7, 7, 17, 1, 200.00, 200.00, 0),
(8, 8, 1, 1, 1200.00, 1200.00, 0),
(9, 9, 1, 1, 1200.00, 1200.00, 0),
(10, 10, 1, 1, 1200.00, 1200.00, 0),
(11, 11, 18, 1, 250.00, 250.00, 0),
(12, 12, 20, 1, 300.00, 300.00, 0),
(13, 13, 18, 1, 250.00, 250.00, 0),
(14, 14, 19, 2, 1200.00, 2400.00, 0),
(15, 15, 19, 1, 1200.00, 1200.00, 0),
(16, 16, 25, 1, 30.00, 30.00, 0),
(17, 17, 1, 1, 1200.00, 1200.00, 0),
(18, 18, 1, 1, 1200.00, 1200.00, 0),
(19, 19, 1, 1, 1200.00, 1200.00, 0),
(20, 20, 1, 1, 1200.00, 1200.00, 0),
(21, 22, 27, 1, 150.00, 150.00, 0),
(22, 23, 27, 1, 150.00, 150.00, 0),
(23, 25, 24, 1, 200.00, 200.00, 0),
(24, 25, 27, 1, 150.00, 150.00, 0),
(25, 26, 24, 1, 200.00, 200.00, 0),
(26, 27, 18, 1, 250.00, 250.00, 0),
(27, 29, 25, 1, 30.00, 30.00, 0),
(28, 30, 25, 1, 30.00, 30.00, 0),
(29, 31, 28, 1, 100.00, 100.00, 0),
(30, 32, 28, 1, 100.00, 100.00, 0),
(31, 33, 28, 1, 100.00, 100.00, 0),
(32, 34, 28, 1, 100.00, 100.00, 0),
(33, 35, 28, 1, 100.00, 100.00, 0),
(34, 37, 26, 1, 80.00, 80.00, 0),
(35, 38, 23, 1, 25.00, 25.00, 0),
(36, 39, 19, 1, 1200.00, 1200.00, 0),
(37, 40, 22, 1, 500.00, 500.00, 0),
(38, 41, 25, 1, 30.00, 30.00, 0),
(39, 42, 16, 1, 100.00, 100.00, 0),
(40, 43, 10, 1, 400.00, 400.00, 0),
(41, 44, 3, 1, 50.00, 50.00, 0),
(42, 46, 15, 1, 1400.00, 1400.00, 0),
(43, 47, 8, 1, 800.00, 800.00, 0),
(44, 48, 15, 1, 1400.00, 1400.00, 0),
(45, 49, 19, 1, 1200.00, 1200.00, 0),
(46, 50, 4, 1, 200.00, 200.00, 0),
(47, 51, 16, 1, 100.00, 100.00, 0),
(48, 52, 20, 1, 300.00, 300.00, 0),
(49, 53, 20, 1, 300.00, 300.00, 0),
(50, 54, 26, 1, 80.00, 80.00, 0),
(51, 56, 26, 1, 80.00, 80.00, 0),
(52, 57, 27, 1, 150.00, 150.00, 0),
(53, 60, 27, 1, 150.00, 150.00, 0),
(54, 61, 26, 1, 80.00, 80.00, 0),
(55, 63, 26, 1, 80.00, 80.00, 0),
(56, 63, 4, 1, 200.00, 200.00, 0),
(57, 64, 24, 1, 200.00, 200.00, 0),
(58, 66, 27, 1, 150.00, 150.00, 0),
(59, 67, 26, 1, 80.00, 80.00, 0),
(60, 68, 12, 1, 120.00, 120.00, 0),
(61, 68, 26, 1, 80.00, 80.00, 0),
(62, 69, 26, 1, 80.00, 80.00, 0),
(63, 70, 3, 1, 50.00, 50.00, 0),
(64, 72, 7, 1, 100.00, 100.00, 0),
(65, 73, 4, 1, 200.00, 200.00, 0),
(66, 74, 14, 1, 110.00, 110.00, 0),
(67, 75, 9, 1, 300.00, 300.00, 0),
(68, 76, 8, 1, 800.00, 800.00, 0),
(69, 77, 3, 1, 50.00, 50.00, 0),
(70, 78, 8, 1, 800.00, 800.00, 0),
(71, 79, 25, 2, 30.00, 60.00, 0),
(72, 80, 5, 1, 70.00, 70.00, 0),
(73, 82, 23, 1, 25.00, 25.00, 0),
(74, 84, 27, 1, 150.00, 150.00, 0),
(75, 85, 27, 1, 150.00, 150.00, 0),
(76, 86, 26, 1, 80.00, 80.00, 0),
(77, 87, 25, 1, 30.00, 30.00, 0),
(78, 88, 23, 1, 25.00, 25.00, 0),
(79, 89, 12, 1, 120.00, 120.00, 0),
(80, 90, 8, 1, 800.00, 800.00, 0),
(81, 92, 9, 1, 300.00, 300.00, 0),
(82, 93, 10, 1, 400.00, 400.00, 0),
(83, 95, 27, 1, 150.00, 150.00, 0),
(84, 98, 25, 1, 30.00, 30.00, 0),
(85, 102, 5, 1, 70.00, 70.00, 0),
(86, 104, 22, 1, 500.00, 500.00, 0),
(87, 105, 20, 1, 300.00, 300.00, 0),
(88, 106, 24, 1, 200.00, 200.00, 0),
(89, 107, 1, 1, 1200.00, 1200.00, 0),
(90, 108, 2, 1, 80.00, 80.00, 0);

-- --------------------------------------------------------

--
-- Estructura de tabla para la tabla `detalle_proformas`
--

CREATE TABLE `detalle_proformas` (
  `id` int(11) NOT NULL,
  `proforma_id` int(11) NOT NULL,
  `producto_id` int(11) NOT NULL,
  `cantidad` int(11) NOT NULL,
  `precio` decimal(10,2) NOT NULL,
  `subtotal` decimal(10,2) NOT NULL
) ENGINE=InnoDB DEFAULT CHARSET=utf8mb4 COLLATE=utf8mb4_general_ci;

--
-- Volcado de datos para la tabla `detalle_proformas`
--

INSERT INTO `detalle_proformas` (`id`, `proforma_id`, `producto_id`, `cantidad`, `precio`, `subtotal`) VALUES
(1, 1, 1, 1, 1200.00, 1200.00),
(2, 1, 13, 2, 50.00, 100.00),
(3, 2, 2, 1, 80.00, 80.00),
(4, 2, 11, 1, 600.00, 600.00),
(5, 3, 2, 1, 80.00, 80.00),
(6, 3, 1, 2, 1200.00, 2400.00),
(7, 4, 2, 1, 80.00, 80.00),
(8, 4, 18, 2, 250.00, 500.00),
(9, 5, 3, 1, 50.00, 50.00),
(10, 5, 1, 2, 1200.00, 2400.00),
(11, 5, 15, 4, 1400.00, 5600.00),
(12, 6, 2, 1, 80.00, 80.00),
(13, 6, 1, 2, 1200.00, 2400.00),
(14, 6, 15, 5, 1400.00, 7000.00),
(15, 6, 25, 1, 30.00, 30.00),
(16, 6, 23, 5, 25.00, 125.00),
(17, 6, 27, 1, 150.00, 150.00),
(18, 7, 1, 1, 1200.00, 1200.00),
(19, 7, 15, 1, 1400.00, 1400.00),
(20, 7, 19, 1, 1200.00, 1200.00),
(21, 8, 2, 1, 80.00, 80.00),
(22, 8, 18, 1, 250.00, 250.00),
(23, 8, 1, 1, 1200.00, 1200.00),
(24, 8, 13, 1, 50.00, 50.00),
(25, 8, 4, 1, 200.00, 200.00),
(26, 8, 16, 1, 100.00, 100.00),
(27, 8, 15, 1, 1400.00, 1400.00),
(28, 9, 1, 1, 1200.00, 1200.00),
(29, 9, 1, 1, 1200.00, 1200.00),
(30, 10, 1, 1, 1200.00, 1200.00),
(31, 10, 1, 1, 1200.00, 1200.00),
(32, 10, 1, 1, 1200.00, 1200.00),
(33, 11, 1, 1, 1200.00, 1200.00),
(34, 11, 1, 2, 1200.00, 2400.00),
(35, 12, 7, 1, 100.00, 100.00),
(36, 12, 19, 2, 1200.00, 2400.00),
(37, 13, 16, 1, 100.00, 100.00),
(38, 13, 18, 4, 250.00, 1000.00),
(39, 13, 18, 1, 250.00, 250.00),
(40, 14, 1, 1, 1200.00, 1200.00),
(41, 14, 1, 1, 1200.00, 1200.00),
(42, 15, 18, 1, 250.00, 250.00),
(43, 16, 19, 1, 1200.00, 1200.00),
(44, 17, 18, 2, 250.00, 500.00),
(45, 17, 1, 3, 1200.00, 3600.00),
(46, 18, 4, 1, 200.00, 200.00),
(47, 19, 2, 1, 80.00, 80.00),
(48, 19, 1, 2, 1200.00, 2400.00),
(49, 20, 1, 1, 1200.00, 1200.00),
(50, 20, 18, 1, 250.00, 250.00),
(51, 20, 20, 1, 300.00, 300.00),
(52, 21, 3, 1, 50.00, 50.00),
(53, 21, 1, 1, 1200.00, 1200.00),
(54, 22, 1, 1, 1200.00, 1200.00),
(55, 22, 1, 2, 1200.00, 2400.00),
(56, 22, 1, 1, 1200.00, 1200.00),
(57, 23, 1, 1, 1200.00, 1200.00),
(58, 23, 13, 1, 50.00, 50.00),
(59, 23, 18, 1, 250.00, 250.00),
(60, 23, 19, 1, 1200.00, 1200.00),
(61, 24, 1, 1, 1200.00, 1200.00),
(62, 25, 1, 1, 1200.00, 1200.00),
(63, 25, 1, 2, 1200.00, 2400.00),
(64, 26, 3, 1, 50.00, 50.00),
(65, 26, 1, 2, 1200.00, 2400.00),
(66, 27, 1, 1, 1200.00, 1200.00),
(67, 28, 1, 1, 1200.00, 1200.00),
(68, 29, 1, 2, 1200.00, 2400.00),
(69, 30, 1, 2, 1200.00, 2400.00),
(70, 30, 1, 2, 1200.00, 2400.00),
(71, 30, 1, 2, 1200.00, 2400.00),
(72, 30, 1, 2, 1200.00, 2400.00),
(73, 30, 1, 2, 1200.00, 2400.00),
(74, 30, 1, 2, 1200.00, 2400.00),
(75, 30, 1, 2, 1200.00, 2400.00),
(76, 30, 1, 2, 1200.00, 2400.00),
(77, 30, 1, 2, 1200.00, 2400.00),
(78, 30, 1, 2, 1200.00, 2400.00),
(79, 30, 1, 2, 1200.00, 2400.00),
(80, 31, 1, 1, 1200.00, 1200.00),
(81, 31, 1, 2, 1200.00, 2400.00),
(82, 31, 1, 3, 1200.00, 3600.00),
(83, 32, 1, 1, 1200.00, 1200.00),
(84, 32, 1, 3, 1200.00, 3600.00),
(85, 32, 1, 4, 1200.00, 4800.00),
(86, 33, 1, 1, 1200.00, 1200.00),
(87, 33, 19, 2, 1200.00, 2400.00),
(88, 33, 25, 1, 30.00, 30.00),
(89, 33, 27, 1, 150.00, 150.00),
(90, 33, 25, 1, 30.00, 30.00),
(91, 33, 28, 1, 100.00, 100.00),
(92, 33, 5, 1, 70.00, 70.00),
(93, 33, 1, 1, 1200.00, 1200.00),
(94, 33, 1, 1, 1200.00, 1200.00),
(95, 34, 1, 1, 1200.00, 1200.00),
(96, 34, 1, 5, 1200.00, 6000.00),
(97, 34, 17, 1, 200.00, 200.00),
(98, 34, 14, 1, 110.00, 110.00),
(99, 34, 26, 2, 80.00, 160.00),
(100, 35, 1, 1, 1200.00, 1200.00),
(101, 35, 1, 2, 1200.00, 2400.00),
(102, 36, 1, 5, 1200.00, 6000.00),
(103, 36, 19, 1, 1200.00, 1200.00),
(104, 36, 25, 5, 30.00, 150.00),
(105, 37, 1, 1, 1200.00, 1200.00),
(106, 37, 19, 5, 1200.00, 6000.00),
(107, 38, 1, 1, 1200.00, 1200.00),
(108, 39, 1, 1, 1200.00, 1200.00),
(109, 39, 27, 1, 150.00, 150.00),
(110, 39, 25, 1, 30.00, 30.00),
(111, 39, 1, 1, 1200.00, 1200.00),
(112, 40, 1, 1, 1200.00, 1200.00),
(113, 40, 19, 1, 1200.00, 1200.00),
(114, 40, 19, 3, 1200.00, 3600.00),
(115, 40, 24, 1, 200.00, 200.00),
(116, 41, 1, 1, 1200.00, 1200.00),
(117, 41, 1, 1, 1200.00, 1200.00),
(118, 42, 1, 1, 1200.00, 1200.00),
(119, 44, 1, 1, 1200.00, 1200.00),
(120, 44, 1, 2, 1200.00, 2400.00),
(121, 45, 1, 1, 1200.00, 1200.00),
(122, 45, 18, 2, 250.00, 500.00),
(123, 45, 20, 4, 300.00, 1200.00),
(124, 46, 1, 1, 1200.00, 1200.00),
(125, 47, 3, 1, 50.00, 50.00),
(126, 47, 17, 1, 200.00, 200.00),
(127, 47, 19, 1, 1200.00, 1200.00),
(128, 47, 26, 1, 80.00, 80.00),
(129, 48, 1, 2, 1200.00, 2400.00),
(130, 49, 1, 2, 1200.00, 2400.00),
(131, 50, 1, 1, 1200.00, 1200.00),
(132, 51, 1, 1, 1200.00, 1200.00),
(133, 52, 1, 4, 1200.00, 4800.00),
(134, 53, 1, 4, 1200.00, 4800.00),
(135, 53, 18, 4, 250.00, 1000.00),
(136, 53, 20, 4, 300.00, 1200.00),
(137, 53, 15, 1, 1400.00, 1400.00),
(138, 53, 28, 1, 100.00, 100.00),
(139, 53, 2, 2, 80.00, 160.00),
(140, 54, 1, 1, 1200.00, 1200.00),
(141, 54, 27, 2, 150.00, 300.00),
(142, 54, 9, 3, 300.00, 900.00),
(143, 54, 28, 1, 100.00, 100.00),
(144, 54, 7, 1, 100.00, 100.00),
(145, 55, 2, 1, 80.00, 80.00),
(146, 55, 19, 1, 1200.00, 1200.00),
(147, 55, 19, 1, 1200.00, 1200.00),
(148, 55, 26, 1, 80.00, 80.00),
(149, 56, 2, 1, 80.00, 80.00),
(150, 56, 20, 2, 300.00, 600.00),
(151, 56, 27, 3, 150.00, 450.00),
(152, 56, 18, 1, 250.00, 250.00),
(153, 57, 1, 1, 1200.00, 1200.00),
(154, 57, 1, 5, 1200.00, 6000.00),
(155, 58, 2, 1, 80.00, 80.00),
(156, 58, 26, 2, 80.00, 160.00),
(157, 58, 3, 1, 50.00, 50.00),
(158, 58, 28, 1, 100.00, 100.00),
(159, 58, 15, 1, 1400.00, 1400.00),
(160, 58, 27, 1, 150.00, 150.00),
(161, 58, 12, 1, 120.00, 120.00),
(162, 58, 28, 1, 100.00, 100.00),
(163, 58, 5, 1, 70.00, 70.00),
(164, 58, 12, 1, 120.00, 120.00),
(165, 58, 3, 3, 50.00, 150.00),
(166, 59, 1, 2, 1200.00, 2400.00),
(167, 59, 18, 1, 250.00, 250.00),
(168, 60, 1, 2, 1200.00, 2400.00),
(169, 61, 3, 1, 50.00, 50.00),
(170, 61, 20, 1, 300.00, 300.00),
(171, 61, 25, 1, 30.00, 30.00),
(172, 62, 1, 1, 1200.00, 1200.00),
(173, 62, 18, 1, 250.00, 250.00),
(174, 62, 1, 2, 1200.00, 2400.00),
(175, 63, 2, 1, 80.00, 80.00),
(176, 64, 10, 1, 400.00, 400.00),
(177, 65, 5, 1, 70.00, 70.00),
(178, 66, 2, 1, 80.00, 80.00),
(179, 67, 5, 1, 70.00, 70.00),
(180, 67, 23, 2, 25.00, 50.00),
(181, 68, 5, 1, 70.00, 70.00),
(182, 69, 3, 1, 50.00, 50.00),
(183, 69, 27, 2, 150.00, 300.00),
(184, 70, 15, 1, 1400.00, 1400.00),
(185, 71, 5, 1, 70.00, 70.00),
(186, 72, 6, 1, 150.00, 150.00),
(187, 73, 22, 1, 500.00, 500.00),
(188, 73, 25, 1, 30.00, 30.00),
(189, 74, 5, 1, 70.00, 70.00),
(190, 74, 23, 1, 25.00, 25.00),
(191, 75, 21, 1, 40.00, 40.00),
(192, 75, 25, 1, 30.00, 30.00),
(193, 76, 21, 1, 40.00, 40.00),
(194, 77, 23, 1, 25.00, 25.00),
(195, 77, 26, 1, 80.00, 80.00),
(196, 78, 9, 1, 300.00, 300.00),
(197, 80, 21, 1, 40.00, 40.00),
(198, 83, 9, 1, 300.00, 300.00),
(199, 84, 11, 1, 0.00, 600.00),
(200, 86, 6, 1, 150.00, 150.00),
(201, 87, 4, 1, 0.00, 200.00),
(202, 88, 2, 1, 0.00, 80.00),
(203, 89, 4, 1, 0.00, 200.00),
(204, 90, 5, 1, 0.00, 70.00),
(205, 90, 7, 1, 0.00, 100.00),
(206, 91, 2, 1, 0.00, 80.00),
(207, 92, 5, 1, 0.00, 70.00),
(208, 93, 6, 1, 0.00, 150.00),
(209, 94, 5, 1, 0.00, 70.00),
(210, 95, 4, 1, 0.00, 200.00),
(211, 96, 5, 1, 0.00, 70.00),
(212, 97, 7, 1, 0.00, 100.00),
(213, 98, 4, 1, 0.00, 200.00),
(214, 99, 8, 1, 0.00, 800.00),
(215, 100, 4, 1, 0.00, 200.00),
(218, 102, 9, 1, 0.00, 300.00),
(219, 102, 16, 1, 0.00, 100.00),
(220, 102, 25, 1, 0.00, 30.00),
(221, 103, 11, 1, 0.00, 600.00),
(222, 103, 21, 1, 0.00, 40.00),
(223, 104, 27, 1, 0.00, 150.00),
(224, 105, 2, 2, 0.00, 160.00),
(225, 106, 2, 1, 0.00, 80.00),
(226, 107, 1, 1, 0.00, 1200.00),
(227, 108, 1, 1, 1200.00, 1200.00),
(228, 109, 1, 1, 1200.00, 1200.00),
(229, 110, 1, 2, 1200.00, 2400.00),
(230, 111, 1, 2, 1200.00, 2400.00),
(231, 111, 2, 1, 80.00, 80.00),
(232, 111, 17, 2, 200.00, 400.00),
(233, 110, 2, 1, 80.00, 80.00),
(234, 110, 17, 2, 200.00, 400.00),
(235, 112, 5, 1, 70.00, 70.00),
(236, 113, 5, 1, 70.00, 70.00),
(237, 112, 4, 3, 200.00, 600.00),
(238, 113, 4, 3, 200.00, 600.00),
(239, 112, 19, 1, 1200.00, 1200.00),
(240, 113, 19, 1, 1200.00, 1200.00),
(241, 114, 2, 1, 80.00, 80.00),
(242, 115, 2, 1, 80.00, 80.00),
(243, 116, 3, 1, 0.00, 50.00),
(244, 116, 2, 2, 0.00, 160.00),
(245, 116, 18, 1, 0.00, 250.00),
(246, 117, 3, 1, 0.00, 50.00),
(247, 117, 7, 2, 0.00, 200.00),
(248, 118, 3, 1, 0.00, 50.00),
(249, 118, 4, 3, 0.00, 600.00),
(250, 118, 19, 7, 0.00, 8400.00),
(251, 119, 1, 1, 0.00, 1200.00);

-- --------------------------------------------------------

--
-- Estructura de tabla para la tabla `facturas`
--

CREATE TABLE `facturas` (
  `id` int(11) NOT NULL,
  `numero_documento` int(11) NOT NULL,
  `cliente_id` int(11) NOT NULL,
  `total` decimal(10,2) NOT NULL,
  `fecha` timestamp NOT NULL DEFAULT current_timestamp(),
  `tipo_documento` enum('boleta','factura') NOT NULL,
  `tiempo_interaccion` decimal(10,6) NOT NULL DEFAULT 0.000000
) ENGINE=InnoDB DEFAULT CHARSET=utf8mb4 COLLATE=utf8mb4_general_ci;

--
-- Volcado de datos para la tabla `facturas`
--

INSERT INTO `facturas` (`id`, `numero_documento`, `cliente_id`, `total`, `fecha`, `tipo_documento`, `tiempo_interaccion`) VALUES
(1, 0, 1, 1200.00, '2025-01-05 01:32:55', 'boleta', 0.000000),
(2, 0, 2, 80.00, '2025-01-05 14:18:20', 'boleta', 0.000000),
(3, 0, 1, 1200.00, '2025-01-05 14:25:39', 'boleta', 0.000000),
(4, 1, 2, 100.00, '2025-01-05 14:36:37', 'factura', 0.000000),
(5, 2, 3, 250.00, '2025-01-05 14:40:29', 'factura', 0.000000),
(6, 1, 1, 200.00, '2025-01-05 15:13:24', 'boleta', 0.000000),
(7, 2, 2, 200.00, '2025-01-05 15:20:38', 'boleta', 0.000000),
(8, 3, 1, 1200.00, '2025-01-05 15:22:41', 'factura', 0.000000),
(9, 4, 1, 1200.00, '2025-01-05 15:23:05', 'factura', 0.000000),
(10, 3, 1, 1200.00, '2025-01-05 15:25:04', 'boleta', 0.000000),
(11, 5, 1, 250.00, '2025-01-05 15:25:33', 'factura', 0.000000),
(12, 6, 1, 300.00, '2025-01-05 15:42:09', 'factura', 0.000000),
(13, 7, 1, 250.00, '2025-01-05 15:59:57', 'factura', 0.000000),
(14, 8, 1, 2400.00, '2025-01-05 16:00:43', 'factura', 0.000000),
(15, 9, 1, 1200.00, '2025-01-05 16:01:14', 'factura', 0.000000),
(16, 10, 1, 30.00, '2025-01-05 16:01:41', 'factura', 0.000000),
(17, 11, 1, 1200.00, '2025-01-05 16:18:52', 'factura', 0.000000),
(18, 12, 1, 1200.00, '2025-01-05 16:26:39', 'factura', 0.000000),
(19, 13, 1, 1200.00, '2025-01-05 16:26:47', 'factura', 0.000000),
(20, 4, 1, 1200.00, '2025-01-05 16:27:06', 'boleta', 0.000000),
(22, 14, 1, 150.00, '2025-01-05 16:27:41', 'factura', 0.000000),
(23, 15, 1, 150.00, '2025-01-05 16:28:00', 'factura', 0.000000),
(25, 5, 1, 350.00, '2025-01-05 17:04:50', 'boleta', 0.000000),
(26, 16, 1, 200.00, '2025-01-05 17:19:22', 'factura', 0.000000),
(27, 17, 1, 250.00, '2025-01-05 17:25:48', 'factura', 0.000000),
(29, 18, 1, 30.00, '2025-01-05 17:26:14', 'factura', 0.000000),
(30, 19, 1, 30.00, '2025-01-05 17:26:29', 'factura', 0.000000),
(31, 6, 1, 100.00, '2025-01-05 18:21:00', 'boleta', 0.000000),
(32, 20, 1, 100.00, '2025-01-05 18:29:55', 'factura', 0.000000),
(33, 21, 1, 100.00, '2025-01-05 18:31:06', 'factura', 0.000000),
(34, 22, 1, 100.00, '2025-01-05 18:40:46', 'factura', 0.000000),
(35, 23, 1, 100.00, '2025-01-05 18:43:06', 'factura', 0.000000),
(37, 24, 1, 80.00, '2025-01-05 18:44:21', 'factura', 0.000000),
(38, 25, 1, 25.00, '2025-01-05 18:45:55', 'factura', 0.000000),
(39, 26, 1, 1200.00, '2025-01-05 18:52:32', 'factura', 0.000000),
(40, 27, 1, 500.00, '2025-01-05 18:53:03', 'factura', 0.000000),
(41, 28, 1, 30.00, '2025-01-05 18:54:03', 'factura', 0.000000),
(42, 29, 1, 100.00, '2025-01-05 19:07:15', 'factura', 0.000000),
(43, 30, 1, 400.00, '2025-01-05 19:08:15', 'factura', 0.000000),
(44, 31, 1, 50.00, '2025-01-05 19:10:22', 'factura', 0.000000),
(46, 32, 1, 1400.00, '2025-01-05 19:14:56', 'factura', 0.000000),
(47, 33, 1, 800.00, '2025-01-05 19:33:36', 'factura', 0.000000),
(48, 34, 1, 1400.00, '2025-01-05 19:40:08', 'factura', 0.000000),
(49, 35, 1, 1200.00, '2025-01-05 19:43:45', 'factura', 0.000000),
(50, 36, 1, 200.00, '2025-01-05 19:45:40', 'factura', 0.000000),
(51, 37, 1, 100.00, '2025-01-05 19:53:31', 'factura', 0.000000),
(52, 38, 1, 300.00, '2025-01-05 20:02:26', 'factura', 0.000000),
(53, 39, 1, 300.00, '2025-01-05 20:16:20', 'factura', 0.000000),
(54, 40, 1, 80.00, '2025-01-05 20:17:41', 'factura', 0.000000),
(56, 41, 1, 80.00, '2025-01-06 02:10:22', 'factura', 0.000000),
(57, 42, 1, 150.00, '2025-01-06 02:29:54', 'factura', 0.000000),
(60, 43, 1, 150.00, '2025-01-06 02:30:46', 'factura', 0.000000),
(61, 44, 1, 80.00, '2025-01-06 02:34:49', 'factura', 0.000000),
(63, 45, 1, 280.00, '2025-01-06 02:44:23', 'factura', 0.000000),
(64, 46, 1, 200.00, '2025-01-06 05:02:22', 'factura', 0.000000),
(66, 47, 1, 150.00, '2025-01-06 05:16:03', 'factura', 0.000000),
(67, 48, 1, 80.00, '2025-01-06 06:17:43', 'factura', 0.000000),
(68, 49, 5, 200.00, '2025-01-06 06:32:40', 'factura', 0.000000),
(69, 50, 1, 80.00, '2025-01-06 06:37:07', 'factura', 0.000000),
(70, 51, 1, 50.00, '2025-01-06 06:46:49', 'factura', 0.000000),
(72, 52, 1, 100.00, '2025-01-06 06:47:51', 'factura', 0.000000),
(73, 53, 1, 200.00, '2025-01-06 06:49:49', 'factura', 0.000000),
(74, 54, 1, 110.00, '2025-01-06 06:53:24', 'factura', 0.000000),
(75, 55, 1, 300.00, '2025-01-06 06:54:56', 'factura', 0.000000),
(76, 56, 5, 800.00, '2025-01-06 06:55:47', 'factura', 0.000000),
(77, 57, 1, 50.00, '2025-01-06 06:57:26', 'factura', 0.000000),
(78, 58, 1, 800.00, '2025-01-06 06:57:46', 'factura', 0.000000),
(79, 7, 1, 60.00, '2025-01-06 06:59:49', 'boleta', 0.000000),
(80, 59, 1, 70.00, '2025-01-08 03:53:39', 'factura', 0.000000),
(82, 60, 3, 25.00, '2025-01-16 01:22:59', 'factura', 0.000000),
(84, 8, 1, 150.00, '2025-01-16 02:19:53', 'boleta', 0.000000),
(85, 61, 1, 150.00, '2025-01-16 03:14:22', 'factura', 0.000000),
(86, 62, 1, 80.00, '2025-01-16 03:24:31', 'factura', 0.000000),
(87, 63, 1, 30.00, '2025-01-16 03:29:50', 'factura', 0.000000),
(88, 64, 1, 25.00, '2025-01-16 03:50:07', 'factura', 0.000000),
(89, 65, 1, 120.00, '2025-01-16 06:21:57', 'factura', 0.000000),
(90, 66, 1, 800.00, '2025-01-16 06:57:22', 'factura', 0.000000),
(92, 67, 1, 300.00, '2025-01-19 04:27:20', 'factura', 0.000000),
(93, 68, 1, 400.00, '2025-01-19 04:28:45', 'factura', 0.000000),
(95, 69, 1, 150.00, '2025-01-19 04:59:57', 'factura', 0.000000),
(98, 70, 1, 30.00, '2025-01-19 05:00:52', 'factura', 0.000000),
(102, 71, 1, 70.00, '2025-01-19 05:09:11', 'factura', 0.000000),
(104, 72, 1, 500.00, '2025-01-19 05:23:21', 'factura', 7.000000),
(105, 73, 1, 300.00, '2025-01-19 05:25:44', 'factura', 7.116300),
(106, 74, 1, 200.00, '2025-01-19 19:25:21', 'factura', 9.812800),
(107, 75, 1, 1200.00, '2025-01-20 05:27:40', 'factura', 16.060900),
(108, 76, 46, 80.00, '2025-01-21 05:27:02', 'factura', 230.041500);

-- --------------------------------------------------------

--
-- Estructura de tabla para la tabla `productos`
--

CREATE TABLE `productos` (
  `id` int(11) NOT NULL,
  `nombre` varchar(100) NOT NULL,
  `stock` int(11) NOT NULL,
  `precio` decimal(10,2) NOT NULL
) ENGINE=InnoDB DEFAULT CHARSET=utf8mb4 COLLATE=utf8mb4_general_ci;

--
-- Volcado de datos para la tabla `productos`
--

INSERT INTO `productos` (`id`, `nombre`, `stock`, `precio`) VALUES
(1, 'Laptop ASUS', 30, 1200.00),
(2, 'Teclado Mecánico Logitech', 10, 80.00),
(3, 'Mouse Gamer Razer', 14, 50.00),
(4, 'Monitor LG 24\"', 17, 200.00),
(5, 'Disco Duro Externo 1TB', 18, 70.00),
(6, 'Impresora HP', 4, 150.00),
(7, 'Auriculares Sony', 7, 100.00),
(8, 'Smartphone Samsung Galaxy', 25, 800.00),
(9, 'Tablet Lenovo', 16, 300.00),
(10, 'Cámara Canon', 8, 400.00),
(11, 'Tarjeta Gráfica NVIDIA', 5, 600.00),
(12, 'Fuente de Poder EVGA', 13, 120.00),
(13, 'Router TP-Link', 20, 50.00),
(14, 'Disco SSD Kingston 512GB', 17, 110.00),
(15, 'Laptop Lenovo ThinkPad', 4, 1400.00),
(16, 'Mouse Logitech MX Master', 10, 100.00),
(17, 'Teclado Corsair K95', 8, 200.00),
(18, 'Impresora Láser Brother', 19, 250.00),
(19, 'Cámara Sony Alpha', 13, 1200.00),
(20, 'Monitor Dell UltraSharp', 20, 300.00),
(21, 'Batería Externa Xiaomi', 22, 40.00),
(22, 'Tablet Apple iPad', 12, 500.00),
(23, 'Cargador Anker USB-C', 25, 25.00),
(24, 'Auriculares Bose', 15, 200.00),
(25, 'MicroSD Sandisk 128GB', 39, 30.00),
(26, 'Disco Duro Seagate 2TB', 0, 80.00),
(27, 'Fuente de Poder Corsair', 0, 150.00),
(28, 'Teclado Apple Magic Keyboard', 0, 100.00),
(29, 'Pad Mouse', 20, 50.00),
(39, 'Cable HDMI', 5, 25.00),
(40, 'Cable HDMI', 5, 25.00),
(41, 'Cable de Poder', 15, 5.00),
(46, 'Cable de jueguito', 20, 10.00);

-- --------------------------------------------------------

--
-- Estructura de tabla para la tabla `proformas`
--

CREATE TABLE `proformas` (
  `id` int(11) NOT NULL,
  `cliente_id` int(11) NOT NULL,
  `fecha` datetime DEFAULT current_timestamp(),
  `total` decimal(10,2) NOT NULL,
  `fecha_creacion` datetime NOT NULL DEFAULT current_timestamp(),
  `tiempo_interaccion` int(11) NOT NULL
) ENGINE=InnoDB DEFAULT CHARSET=utf8mb4 COLLATE=utf8mb4_general_ci;

--
-- Volcado de datos para la tabla `proformas`
--

INSERT INTO `proformas` (`id`, `cliente_id`, `fecha`, `total`, `fecha_creacion`, `tiempo_interaccion`) VALUES
(1, 1, '2025-01-04 20:50:22', 1300.00, '2025-01-17 22:02:03', 0),
(2, 1, '2025-01-04 22:27:59', 680.00, '2025-01-17 22:02:03', 0),
(3, 1, '2025-01-04 22:37:56', 2480.00, '2025-01-17 22:02:03', 0),
(4, 1, '2025-01-04 22:57:55', 580.00, '2025-01-17 22:02:03', 0),
(5, 1, '2025-01-04 22:58:42', 8050.00, '2025-01-17 22:02:03', 0),
(6, 1, '2025-01-04 22:59:56', 9785.00, '2025-01-17 22:02:03', 0),
(7, 1, '2025-01-04 23:11:16', 3800.00, '2025-01-17 22:02:03', 0),
(8, 1, '2025-01-04 23:12:44', 3280.00, '2025-01-17 22:02:03', 0),
(9, 1, '2025-01-04 23:22:40', 2400.00, '2025-01-17 22:02:03', 0),
(10, 1, '2025-01-04 23:24:19', 3600.00, '2025-01-17 22:02:03', 0),
(11, 1, '2025-01-04 23:30:56', 3600.00, '2025-01-17 22:02:03', 0),
(12, 1, '2025-01-04 23:31:57', 2500.00, '2025-01-17 22:02:03', 0),
(13, 1, '2025-01-04 23:41:54', 1350.00, '2025-01-17 22:02:03', 0),
(14, 1, '2025-01-04 23:44:05', 2400.00, '2025-01-17 22:02:03', 0),
(15, 1, '2025-01-04 23:46:41', 250.00, '2025-01-17 22:02:03', 0),
(16, 1, '2025-01-04 23:47:04', 1200.00, '2025-01-17 22:02:03', 0),
(17, 1, '2025-01-04 23:47:21', 4100.00, '2025-01-17 22:02:03', 0),
(18, 1, '2025-01-04 23:48:31', 200.00, '2025-01-17 22:02:03', 0),
(19, 1, '2025-01-04 23:51:34', 2480.00, '2025-01-17 22:02:03', 0),
(20, 1, '2025-01-05 00:24:40', 1750.00, '2025-01-17 22:02:03', 0),
(21, 1, '2025-01-05 00:25:32', 1250.00, '2025-01-17 22:02:03', 0),
(22, 1, '2025-01-05 00:26:47', 4800.00, '2025-01-17 22:02:03', 0),
(23, 1, '2025-01-05 00:31:22', 2700.00, '2025-01-17 22:02:03', 0),
(24, 1, '2025-01-05 00:31:58', 1200.00, '2025-01-17 22:02:03', 0),
(25, 1, '2025-01-05 00:32:10', 3600.00, '2025-01-17 22:02:03', 0),
(26, 1, '2025-01-05 00:34:31', 2450.00, '2025-01-17 22:02:03', 0),
(27, 1, '2025-01-05 00:35:16', 1200.00, '2025-01-17 22:02:03', 0),
(28, 1, '2025-01-05 00:39:51', 1200.00, '2025-01-17 22:02:03', 0),
(29, 1, '2025-01-05 00:39:56', 2400.00, '2025-01-17 22:02:03', 0),
(30, 1, '2025-01-05 00:40:09', 26400.00, '2025-01-17 22:02:03', 0),
(31, 1, '2025-01-05 00:46:27', 7200.00, '2025-01-17 22:02:03', 0),
(32, 1, '2025-01-05 00:49:02', 9600.00, '2025-01-17 22:02:03', 0),
(33, 1, '2025-01-05 00:49:52', 6380.00, '2025-01-17 22:02:03', 0),
(34, 1, '2025-01-05 00:50:42', 7670.00, '2025-01-17 22:02:03', 0),
(35, 1, '2025-01-05 00:57:31', 3600.00, '2025-01-17 22:02:03', 0),
(36, 1, '2025-01-05 00:57:50', 7350.00, '2025-01-17 22:02:03', 0),
(37, 1, '2025-01-05 00:58:09', 7200.00, '2025-01-17 22:02:03', 0),
(38, 1, '2025-01-05 00:58:44', 1200.00, '2025-01-17 22:02:03', 0),
(39, 1, '2025-01-05 00:59:25', 2580.00, '2025-01-17 22:02:03', 0),
(40, 1, '2025-01-05 01:15:28', 6200.00, '2025-01-17 22:02:03', 0),
(41, 1, '2025-01-05 01:15:45', 2400.00, '2025-01-17 22:02:03', 0),
(42, 1, '2025-01-05 01:15:56', 1200.00, '2025-01-17 22:02:03', 0),
(44, 1, '2025-01-05 01:16:22', 3600.00, '2025-01-17 22:02:03', 0),
(45, 1, '2025-01-05 01:17:02', 2900.00, '2025-01-17 22:02:03', 0),
(46, 1, '2025-01-05 01:17:41', 1200.00, '2025-01-17 22:02:03', 0),
(47, 1, '2025-01-05 01:29:28', 1530.00, '2025-01-17 22:02:03', 0),
(48, 1, '2025-01-05 01:29:40', 2400.00, '2025-01-17 22:02:03', 0),
(49, 1, '2025-01-05 01:29:47', 2400.00, '2025-01-17 22:02:03', 0),
(50, 1, '2025-01-05 01:30:50', 1200.00, '2025-01-17 22:02:03', 0),
(51, 1, '2025-01-05 01:30:56', 1200.00, '2025-01-17 22:02:03', 0),
(52, 1, '2025-01-05 01:31:00', 4800.00, '2025-01-17 22:02:03', 0),
(53, 1, '2025-01-05 01:31:30', 8660.00, '2025-01-17 22:02:03', 0),
(54, 1, '2025-01-05 01:32:17', 2600.00, '2025-01-17 22:02:03', 0),
(55, 1, '2025-01-05 01:44:16', 2560.00, '2025-01-17 22:02:03', 0),
(56, 1, '2025-01-05 01:44:52', 1380.00, '2025-01-17 22:02:03', 0),
(57, 1, '2025-01-05 01:45:11', 7200.00, '2025-01-17 22:02:03', 0),
(58, 1, '2025-01-05 01:46:28', 2500.00, '2025-01-17 22:02:03', 0),
(59, 1, '2025-01-05 01:47:14', 2650.00, '2025-01-17 22:02:03', 0),
(60, 1, '2025-01-05 01:51:27', 2400.00, '2025-01-17 22:02:03', 0),
(61, 1, '2025-01-05 01:51:48', 380.00, '2025-01-17 22:02:03', 0),
(62, 1, '2025-01-05 01:52:09', 3850.00, '2025-01-17 22:02:03', 0),
(63, 1, '2025-01-05 15:17:21', 80.00, '2025-01-17 22:02:03', 0),
(64, 1, '2025-01-05 15:42:53', 400.00, '2025-01-17 22:02:03', 0),
(65, 1, '2025-01-05 15:45:03', 70.00, '2025-01-17 22:02:03', 0),
(66, 3, '2025-01-05 21:29:37', 80.00, '2025-01-17 22:02:03', 0),
(67, 1, '2025-01-06 01:31:39', 120.00, '2025-01-17 22:02:03', 0),
(68, 1, '2025-01-06 01:47:35', 70.00, '2025-01-17 22:02:03', 0),
(69, 1, '2025-01-07 22:54:13', 350.00, '2025-01-17 22:02:03', 0),
(70, 1, '2025-01-15 22:11:25', 1400.00, '2025-01-17 22:02:03', 0),
(71, 1, '2025-01-15 22:24:02', 70.00, '2025-01-17 22:02:03', 0),
(72, 1, '2025-01-15 22:24:12', 150.00, '2025-01-17 22:02:03', 0),
(73, 2, '2025-01-16 01:32:20', 530.00, '2025-01-17 22:02:03', 0),
(74, 1, '2025-01-16 01:40:52', 95.00, '2025-01-17 22:02:03', 0),
(75, 1, '2025-01-16 01:41:14', 70.00, '2025-01-17 22:02:03', 0),
(76, 1, '2025-01-16 01:46:20', 40.00, '2025-01-17 22:02:03', 0),
(77, 1, '2025-01-16 01:55:13', 105.00, '2025-01-17 22:02:03', 0),
(78, 1, '2025-01-16 01:56:39', 300.00, '2025-01-17 22:02:03', 0),
(80, 1, '2025-01-16 20:27:14', 40.00, '2025-01-17 22:02:03', 0),
(83, 1, '2025-01-18 19:04:45', 300.00, '2025-01-18 19:04:45', 0),
(84, 1, '2025-01-18 19:33:14', 600.00, '2025-01-18 19:33:14', 0),
(86, 3, '2025-01-18 19:35:38', 150.00, '2025-01-18 19:35:38', 0),
(87, 2, '2025-01-18 19:37:37', 200.00, '2025-01-18 19:37:37', 0),
(88, 4, '2025-01-18 19:39:42', 80.00, '2025-01-18 19:39:42', 0),
(89, 5, '2025-01-18 19:46:21', 200.00, '2025-01-18 19:46:21', 0),
(90, 3, '2025-01-18 19:51:45', 170.00, '2025-01-18 19:51:45', 0),
(91, 2, '2025-01-18 19:55:47', 80.00, '2025-01-18 19:55:47', 0),
(92, 5, '2025-01-18 19:58:54', 70.00, '2025-01-18 19:58:54', 0),
(93, 3, '2025-01-18 20:02:51', 150.00, '2025-01-18 20:02:51', 0),
(94, 3, '2025-01-18 20:24:12', 70.00, '2025-01-18 20:24:12', 0),
(95, 3, '2025-01-18 20:29:01', 200.00, '2025-01-18 20:29:01', 288),
(96, 41, '2025-01-18 20:32:16', 70.00, '2025-01-18 20:32:16', 0),
(97, 5, '2025-01-18 20:36:46', 100.00, '2025-01-18 20:36:46', 0),
(98, 5, '2025-01-18 20:38:58', 200.00, '2025-01-18 20:38:58', 4),
(99, 40, '2025-01-18 20:41:52', 800.00, '2025-01-18 20:41:52', 5),
(100, 42, '2025-01-18 20:42:36', 200.00, '2025-01-18 20:42:36', 14),
(102, 40, '2025-01-18 20:45:09', 430.00, '2025-01-18 20:45:09', 16),
(103, 4, '2025-01-18 21:56:36', 640.00, '2025-01-18 21:56:36', 11),
(104, 1, '2025-01-18 23:20:45', 150.00, '2025-01-18 23:20:45', 5),
(105, 45, '2025-01-20 22:51:04', 160.00, '2025-01-20 22:51:04', 10),
(106, 5, '2025-01-20 23:00:57', 80.00, '2025-01-20 23:00:57', 237),
(107, 2, '2025-01-20 23:09:20', 1200.00, '2025-01-20 23:09:20', 6),
(108, 3, '2025-01-20 23:16:42', 1200.00, '2025-01-20 23:16:42', 0),
(109, 3, '2025-01-20 23:16:42', 1200.00, '2025-01-20 23:16:42', 0),
(110, 2, '2025-01-20 23:17:21', 2880.00, '2025-01-20 23:17:21', 0),
(111, 2, '2025-01-20 23:17:21', 2880.00, '2025-01-20 23:17:21', 0),
(112, 4, '2025-01-20 23:20:06', 1870.00, '2025-01-20 23:20:06', 0),
(113, 4, '2025-01-20 23:20:06', 1870.00, '2025-01-20 23:20:06', 0),
(114, 4, '2025-01-20 23:21:22', 80.00, '2025-01-20 23:21:22', 0),
(115, 4, '2025-01-20 23:21:22', 80.00, '2025-01-20 23:21:22', 0),
(116, 3, '2025-01-20 23:29:30', 460.00, '2025-01-20 23:29:30', 10),
(117, 4, '2025-01-20 23:30:17', 250.00, '2025-01-20 23:30:17', 7),
(118, 5, '2025-01-20 23:30:42', 9050.00, '2025-01-20 23:30:42', 15),
(119, 4, '2025-01-21 00:19:26', 1200.00, '2025-01-21 00:19:26', 79);

-- --------------------------------------------------------

--
-- Estructura de tabla para la tabla `tiempos_procesos`
--

CREATE TABLE `tiempos_procesos` (
  `id` int(11) NOT NULL,
  `proceso` varchar(50) NOT NULL,
  `duracion` float DEFAULT NULL,
  `fecha` timestamp NOT NULL DEFAULT current_timestamp()
) ENGINE=InnoDB DEFAULT CHARSET=utf8mb4 COLLATE=utf8mb4_general_ci;

--
-- Volcado de datos para la tabla `tiempos_procesos`
--

INSERT INTO `tiempos_procesos` (`id`, `proceso`, `duracion`, `fecha`) VALUES
(478, 'proformas', 0.000000953674, '2025-01-05 05:48:47'),
(479, 'proformas', 0.000000953674, '2025-01-05 05:48:51'),
(480, 'proformas', 0.000000953674, '2025-01-05 05:49:02'),
(481, 'proformas', 0, '2025-01-05 05:49:03'),
(482, 'proformas', 0.000000953674, '2025-01-05 05:49:08'),
(483, 'proformas', 0, '2025-01-05 05:49:10'),
(484, 'proformas', 0.000000953674, '2025-01-05 05:49:16'),
(485, 'proformas', 0.000000953674, '2025-01-05 05:49:52'),
(486, 'proformas', 0, '2025-01-05 05:50:11'),
(487, 'proformas', 0, '2025-01-05 05:50:18'),
(488, 'proformas', 0, '2025-01-05 05:50:19'),
(489, 'proformas', 0.000000953674, '2025-01-05 05:50:21'),
(490, 'proformas', 0, '2025-01-05 05:50:42'),
(491, 'generar_proforma', 0.00891113, '2025-01-05 06:15:28'),
(492, 'generar_proforma', 0.00570178, '2025-01-05 06:15:45'),
(493, 'generar_proforma', 0.00859308, '2025-01-05 06:15:56'),
(494, 'generar_proforma', 0.0141799, '2025-01-05 06:16:22'),
(495, 'generar_proforma', 0.0087111, '2025-01-05 06:17:02'),
(496, 'generar_proforma', 0.00284886, '2025-01-05 06:17:41'),
(497, 'generar_proforma', 0.0119829, '2025-01-05 06:29:28'),
(498, 'generar_proforma', 0.008816, '2025-01-05 06:29:40'),
(499, 'generar_proforma', 0.00783396, '2025-01-05 06:29:47'),
(500, 'generar_proforma', 0.00789595, '2025-01-05 06:30:50'),
(501, 'generar_proforma', 0.00402808, '2025-01-05 06:30:56'),
(502, 'generar_proforma', 0.00662208, '2025-01-05 06:31:00'),
(503, 'generar_proforma', 0.011394, '2025-01-05 06:31:30'),
(504, 'generar_proforma', 0.00880814, '2025-01-05 06:32:17'),
(505, 'generar_proforma', 14.2805, '2025-01-05 06:44:16'),
(506, 'generar_proforma', 17.0022, '2025-01-05 06:44:52'),
(507, 'generar_proforma', 14.3856, '2025-01-05 06:45:11'),
(508, 'generar_proforma', 67.9971, '2025-01-05 06:46:28'),
(509, 'generar_proforma', 10.6864, '2025-01-05 06:47:14'),
(510, 'generar_proforma', 7.84884, '2025-01-05 06:51:27'),
(511, 'generar_proforma', 12.2631, '2025-01-05 06:51:48'),
(512, 'generar_proforma', 14.9607, '2025-01-05 06:52:09'),
(513, 'registrar_cliente', 43.8001, '2025-01-05 14:13:15'),
(514, 'generar_factura', 12.8812, '2025-01-05 17:04:50'),
(515, 'generar_factura', 6.35032, '2025-01-05 17:19:22'),
(516, 'generar_factura', 19.4601, '2025-01-05 17:26:02'),
(517, 'generar_proforma', 6.95059, '2025-01-05 20:17:21'),
(518, 'generar_proforma', 7.34862, '2025-01-05 20:42:53'),
(519, 'generar_proforma', 3.64861, '2025-01-05 20:45:03'),
(520, 'generar_proforma', 9.19076, '2025-01-06 02:29:37'),
(521, 'generar_proforma', 28.3574, '2025-01-06 06:31:39'),
(522, 'generar_proforma', 3.07329, '2025-01-06 06:47:35'),
(523, 'generar_proforma', 9.5333, '2025-01-08 03:54:13'),
(524, 'generar_proforma', 8.10434, '2025-01-16 03:11:25'),
(525, 'generar_proforma', 3.60149, '2025-01-16 03:24:02'),
(526, 'generar_proforma', 3.51585, '2025-01-16 03:24:12');

-- --------------------------------------------------------

--
-- Estructura de tabla para la tabla `usuarios`
--

CREATE TABLE `usuarios` (
  `id` int(11) NOT NULL,
  `username` varchar(50) NOT NULL,
  `password_hash` varchar(255) NOT NULL
) ENGINE=InnoDB DEFAULT CHARSET=utf8mb4 COLLATE=utf8mb4_general_ci;

--
-- Volcado de datos para la tabla `usuarios`
--

INSERT INTO `usuarios` (`id`, `username`, `password_hash`) VALUES
(3, 'admin', '$2y$10$UYGrhouuXDhQagg2Vc6OXuhYfOyicmO8BTVzEcePfjjX7U4NTjXBe');

-- --------------------------------------------------------

--
-- Estructura de tabla para la tabla `ventas`
--

CREATE TABLE `ventas` (
  `id` int(11) NOT NULL,
  `producto_id` int(11) NOT NULL,
  `cliente_id` int(11) NOT NULL,
  `cantidad` int(11) NOT NULL,
  `fecha` timestamp NOT NULL DEFAULT current_timestamp()
) ENGINE=InnoDB DEFAULT CHARSET=utf8mb4 COLLATE=utf8mb4_general_ci;

--
-- Volcado de datos para la tabla `ventas`
--

INSERT INTO `ventas` (`id`, `producto_id`, `cliente_id`, `cantidad`, `fecha`) VALUES
(1, 1, 0, 1, '2025-01-05 00:30:57'),
(2, 2, 4, 1, '2025-01-06 02:16:11');

--
-- Índices para tablas volcadas
--

--
-- Indices de la tabla `clientes`
--
ALTER TABLE `clientes`
  ADD PRIMARY KEY (`id`),
  ADD UNIQUE KEY `email` (`email`);

--
-- Indices de la tabla `detalle_facturas`
--
ALTER TABLE `detalle_facturas`
  ADD PRIMARY KEY (`id`),
  ADD KEY `factura_id` (`factura_id`),
  ADD KEY `producto_id` (`producto_id`);

--
-- Indices de la tabla `detalle_proformas`
--
ALTER TABLE `detalle_proformas`
  ADD PRIMARY KEY (`id`),
  ADD KEY `proforma_id` (`proforma_id`),
  ADD KEY `producto_id` (`producto_id`);

--
-- Indices de la tabla `facturas`
--
ALTER TABLE `facturas`
  ADD PRIMARY KEY (`id`),
  ADD KEY `cliente_id` (`cliente_id`);

--
-- Indices de la tabla `productos`
--
ALTER TABLE `productos`
  ADD PRIMARY KEY (`id`);

--
-- Indices de la tabla `proformas`
--
ALTER TABLE `proformas`
  ADD PRIMARY KEY (`id`),
  ADD KEY `cliente_id` (`cliente_id`);

--
-- Indices de la tabla `tiempos_procesos`
--
ALTER TABLE `tiempos_procesos`
  ADD PRIMARY KEY (`id`);

--
-- Indices de la tabla `usuarios`
--
ALTER TABLE `usuarios`
  ADD PRIMARY KEY (`id`),
  ADD UNIQUE KEY `username` (`username`);

--
-- Indices de la tabla `ventas`
--
ALTER TABLE `ventas`
  ADD PRIMARY KEY (`id`),
  ADD KEY `producto_id` (`producto_id`);

--
-- AUTO_INCREMENT de las tablas volcadas
--

--
-- AUTO_INCREMENT de la tabla `clientes`
--
ALTER TABLE `clientes`
  MODIFY `id` int(11) NOT NULL AUTO_INCREMENT, AUTO_INCREMENT=47;

--
-- AUTO_INCREMENT de la tabla `detalle_facturas`
--
ALTER TABLE `detalle_facturas`
  MODIFY `id` int(11) NOT NULL AUTO_INCREMENT, AUTO_INCREMENT=91;

--
-- AUTO_INCREMENT de la tabla `detalle_proformas`
--
ALTER TABLE `detalle_proformas`
  MODIFY `id` int(11) NOT NULL AUTO_INCREMENT, AUTO_INCREMENT=252;

--
-- AUTO_INCREMENT de la tabla `facturas`
--
ALTER TABLE `facturas`
  MODIFY `id` int(11) NOT NULL AUTO_INCREMENT, AUTO_INCREMENT=109;

--
-- AUTO_INCREMENT de la tabla `productos`
--
ALTER TABLE `productos`
  MODIFY `id` int(11) NOT NULL AUTO_INCREMENT, AUTO_INCREMENT=48;

--
-- AUTO_INCREMENT de la tabla `proformas`
--
ALTER TABLE `proformas`
  MODIFY `id` int(11) NOT NULL AUTO_INCREMENT, AUTO_INCREMENT=120;

--
-- AUTO_INCREMENT de la tabla `tiempos_procesos`
--
ALTER TABLE `tiempos_procesos`
  MODIFY `id` int(11) NOT NULL AUTO_INCREMENT, AUTO_INCREMENT=527;

--
-- AUTO_INCREMENT de la tabla `usuarios`
--
ALTER TABLE `usuarios`
  MODIFY `id` int(11) NOT NULL AUTO_INCREMENT, AUTO_INCREMENT=4;

--
-- AUTO_INCREMENT de la tabla `ventas`
--
ALTER TABLE `ventas`
  MODIFY `id` int(11) NOT NULL AUTO_INCREMENT, AUTO_INCREMENT=3;

--
-- Restricciones para tablas volcadas
--

--
-- Filtros para la tabla `detalle_facturas`
--
ALTER TABLE `detalle_facturas`
  ADD CONSTRAINT `detalle_facturas_ibfk_1` FOREIGN KEY (`factura_id`) REFERENCES `facturas` (`id`),
  ADD CONSTRAINT `detalle_facturas_ibfk_2` FOREIGN KEY (`producto_id`) REFERENCES `productos` (`id`);

--
-- Filtros para la tabla `detalle_proformas`
--
ALTER TABLE `detalle_proformas`
  ADD CONSTRAINT `detalle_proformas_ibfk_1` FOREIGN KEY (`proforma_id`) REFERENCES `proformas` (`id`) ON DELETE CASCADE,
  ADD CONSTRAINT `detalle_proformas_ibfk_2` FOREIGN KEY (`producto_id`) REFERENCES `productos` (`id`) ON DELETE CASCADE;

--
-- Filtros para la tabla `facturas`
--
ALTER TABLE `facturas`
  ADD CONSTRAINT `facturas_ibfk_1` FOREIGN KEY (`cliente_id`) REFERENCES `clientes` (`id`);

--
-- Filtros para la tabla `proformas`
--
ALTER TABLE `proformas`
  ADD CONSTRAINT `proformas_ibfk_1` FOREIGN KEY (`cliente_id`) REFERENCES `clientes` (`id`) ON DELETE CASCADE;

--
-- Filtros para la tabla `ventas`
--
ALTER TABLE `ventas`
  ADD CONSTRAINT `ventas_ibfk_1` FOREIGN KEY (`producto_id`) REFERENCES `productos` (`id`);
COMMIT;

/*!40101 SET CHARACTER_SET_CLIENT=@OLD_CHARACTER_SET_CLIENT */;
/*!40101 SET CHARACTER_SET_RESULTS=@OLD_CHARACTER_SET_RESULTS */;
/*!40101 SET COLLATION_CONNECTION=@OLD_COLLATION_CONNECTION */;
